"pinName","manufacturer","date","Type","estimatedValue","cabinet","displayType","url","rating","ratingsCount.href","ratingsCount.text","makeAndYear","index","gameDesign","artwork","sound","otherRating","staffRating","lowValue","highValue","avgValue","staffValue","age","nameLink"
"Medieval Madness","Williams Electronic Games, Inc.",1997,"Type Solid state","$7950 - $9250","Normal","Dot Matrix","https://pinside.com/pinball/archive/medieval-madness",8.858,"https://pinside.com/pinball/archive/medieval-madness/ratings","1634 ratings","Williams, 1997",1,9.024,8.735,8.406,8.942,9.172,7950,9250,8600,937.636284343655,19,"<a href=""https://pinside.com/pinball/archive/medieval-madness""target = _blank>Medieval Madness</a>"
"Twilight Zone","Bally Manufacturing Co.",1993,"Type Solid state","$5360 - $6240","Wide body","Dot Matrix","https://pinside.com/pinball/archive/twilight-zone",8.787,"https://pinside.com/pinball/archive/twilight-zone/ratings","1677 ratings","Bally, 1993",2,8.903,8.793,8.359,8.846,8.731,5360,6240,5800,664.299622036422,23,"<a href=""https://pinside.com/pinball/archive/twilight-zone""target = _blank>Twilight Zone</a>"
"Attack from Mars","Bally Manufacturing Co.",1995,"Type Solid state","$7120 - $8280","Normal","Dot Matrix","https://pinside.com/pinball/archive/attack-from-mars",8.714,"https://pinside.com/pinball/archive/attack-from-mars/ratings","1299 ratings","Bally, 1995",3,8.781,8.547,8.405,8.908,9.145,7120,8280,7700,841.990158556588,21,"<a href=""https://pinside.com/pinball/archive/attack-from-mars""target = _blank>Attack from Mars</a>"
"Monster Bash","Williams Electronic Games, Inc.",1998,"Type Solid state","$8140 - $9460","Normal","Dot Matrix","https://pinside.com/pinball/archive/monster-bash",8.71,"https://pinside.com/pinball/archive/monster-bash/ratings","1142 ratings","Williams, 1998",4,8.747,8.815,8.419,8.658,9.185,8140,9460,8800,958.083832335329,18,"<a href=""https://pinside.com/pinball/archive/monster-bash""target = _blank>Monster Bash</a>"
"Lord of the Rings","Stern Pinball, Inc.",2003,"Type Solid state","$5090 - $5910","Normal","Dot Matrix","https://pinside.com/pinball/archive/lord-of-the-rings",8.579,"https://pinside.com/pinball/archive/lord-of-the-rings/ratings","1420 ratings","Stern, 2003",5,8.732,8.339,8.3,8.658,9.29,5090,5910,5500,592.034445640474,13,"<a href=""https://pinside.com/pinball/archive/lord-of-the-rings""target = _blank>Lord of the Rings</a>"
"The Addams Family","Bally Manufacturing Co.",1992,"Type Solid state","$5180 - $6020","Normal","Dot Matrix","https://pinside.com/pinball/archive/addams-family",8.559,"https://pinside.com/pinball/archive/addams-family/ratings","1494 ratings","Bally, 1992",6,8.609,8.438,8.271,8.634,8.648,5180,6020,5600,647.548566142461,24,"<a href=""https://pinside.com/pinball/archive/addams-family""target = _blank>The Addams Family</a>"
"Indiana Jones: The Pinball Adventure","Williams Electronic Games, Inc.",1993,"Type Solid state","$4990 - $5810","Wide body","Dot Matrix","https://pinside.com/pinball/archive/indiana-jones",8.473,"https://pinside.com/pinball/archive/indiana-jones/ratings","1098 ratings","Williams, 1993",7,8.381,8.455,8.307,8.527,8.479,4990,5810,5400,636.867555136219,23,"<a href=""https://pinside.com/pinball/archive/indiana-jones""target = _blank>Indiana Jones: The Pinball Adventure</a>"
"AC/DC (Premium/LE)","Stern Pinball, Inc.",2012,"Type Solid state","$6570 - $7630","Normal","Dot Matrix","https://pinside.com/pinball/archive/ac-dc-(le)",8.452,"https://pinside.com/pinball/archive/ac-dc-(le)/ratings","881 ratings","Stern, 2012",8,8.515,7.695,8.752,8.572,8.401,6570,7630,7100,845.137483632901,4,"<a href=""https://pinside.com/pinball/archive/ac-dc-(le)""target = _blank>AC/DC (Premium/LE)</a>"
"Metallica (Premium/LE)","Stern Pinball, Inc.",2013,"Type Solid state","$7210 - $8390","Normal","Dot Matrix","https://pinside.com/pinball/archive/metallica-le",8.449,"https://pinside.com/pinball/archive/metallica-le/ratings","485 ratings","Stern, 2013",9,8.338,8.549,8.295,8.446,8.832,7210,8390,7800,883.152173913043,3,"<a href=""https://pinside.com/pinball/archive/metallica-le""target = _blank>Metallica (Premium/LE)</a>"
"Scared Stiff","Bally Manufacturing Co.",1996,"Type Solid state","$5090 - $5910","Normal","Dot Matrix","https://pinside.com/pinball/archive/scared-stiff",8.435,"https://pinside.com/pinball/archive/scared-stiff/ratings","937 ratings","Bally, 1996",10,8.333,8.719,8.068,8.41,8.472,5090,5910,5500,649.197355996223,20,"<a href=""https://pinside.com/pinball/archive/scared-stiff""target = _blank>Scared Stiff</a>"
"Metallica (Pro)","Stern Pinball, Inc.",2013,"Type Solid state","$4440 - $5160","Normal","Dot Matrix","https://pinside.com/pinball/archive/metallica",8.431,"https://pinside.com/pinball/archive/metallica/ratings","428 ratings","Stern, 2013",11,8.312,8.471,8.083,8.4,8.779,4440,5160,4800,546.759311994532,3,"<a href=""https://pinside.com/pinball/archive/metallica""target = _blank>Metallica (Pro)</a>"
"Theatre of Magic","Bally Manufacturing Co.",1995,"Type Solid state","$4720 - $5480","Normal","Dot Matrix","https://pinside.com/pinball/archive/theatre-of-magic",8.426,"https://pinside.com/pinball/archive/theatre-of-magic/ratings","1196 ratings","Bally, 1995",12,8.557,8.57,7.973,8.446,8.311,4720,5480,5100,613.644567440741,21,"<a href=""https://pinside.com/pinball/archive/theatre-of-magic""target = _blank>Theatre of Magic</a>"
"Tales of the Arabian Nights","Williams Electronic Games, Inc.",1996,"Type Solid state","$6100 - $7100","Normal","Dot Matrix","https://pinside.com/pinball/archive/tales-of-the-arabian-nights",8.426,"https://pinside.com/pinball/archive/tales-of-the-arabian-nights/ratings","1015 ratings","Williams, 1996",13,8.338,8.722,8.133,8.38,8.966,6100,7100,6600,736.114209234887,20,"<a href=""https://pinside.com/pinball/archive/tales-of-the-arabian-nights""target = _blank>Tales of the Arabian Nights</a>"
"Spider-Man","Stern Pinball, Inc.",2007,"Type Solid state","$4900 - $5700","Normal","Dot Matrix","https://pinside.com/pinball/archive/spiderman",8.421,"https://pinside.com/pinball/archive/spiderman/ratings","926 ratings","Stern, 2007",14,8.655,8.092,7.98,8.614,9.124,4900,5700,5300,580.885576501534,9,"<a href=""https://pinside.com/pinball/archive/spiderman""target = _blank>Spider-Man</a>"
"Star Trek: The Next Generation","Williams Electronic Games, Inc.",1993,"Type Solid state","$4070 - $4730","Wide body","Dot Matrix","https://pinside.com/pinball/archive/star-trek-the-next-generation",8.41,"https://pinside.com/pinball/archive/star-trek-the-next-generation/ratings","1044 ratings","Williams, 1993",15,8.491,8.083,8.364,8.422,8.389,4070,4730,4400,524.496364286566,23,"<a href=""https://pinside.com/pinball/archive/star-trek-the-next-generation""target = _blank>Star Trek: The Next Generation</a>"
"Star Trek LE / Premium","Stern Pinball, Inc.",2013,"Type Solid state","$6940 - $8060","Normal","Dot Matrix","https://pinside.com/pinball/archive/star_trek_le",8.354,"https://pinside.com/pinball/archive/star_trek_le/ratings","445 ratings","Stern, 2013",16,8.387,7.976,8.012,8.638,8.535,6940,8060,7500,878.734622144112,3,"<a href=""https://pinside.com/pinball/archive/star_trek_le""target = _blank>Star Trek LE / Premium</a>"
"Cirqus Voltaire","Bally Manufacturing Co.",1997,"Type Solid state","$6470 - $7530","Normal","Dot Matrix","https://pinside.com/pinball/archive/cirqus-voltaire",8.335,"https://pinside.com/pinball/archive/cirqus-voltaire/ratings","830 ratings","Bally, 1997",17,8.301,8.668,7.832,8.278,8.52,6470,7530,7000,821.596244131455,19,"<a href=""https://pinside.com/pinball/archive/cirqus-voltaire""target = _blank>Cirqus Voltaire</a>"
"White Water","Williams Electronic Games, Inc.",1993,"Type Solid state","$3700 - $4300","Normal","Dot Matrix","https://pinside.com/pinball/archive/white-water",8.277,"https://pinside.com/pinball/archive/white-water/ratings","984 ratings","Williams, 1993",18,8.497,8.228,7.522,8.547,7.912,3700,4300,4000,505.561172901921,23,"<a href=""https://pinside.com/pinball/archive/white-water""target = _blank>White Water</a>"
"Wizard of Oz","Jersey Jack Pinball",2013,"Type Solid state","$6940 - $8060","Wide body","Tv Screen","https://pinside.com/pinball/archive/wizard-of-oz",8.26,"https://pinside.com/pinball/archive/wizard-of-oz/ratings","646 ratings","Jersey Jack Pinball, 2013",19,8.125,8.883,7.882,8.014,7.991,6940,8060,7500,938.55587535978,3,"<a href=""https://pinside.com/pinball/archive/wizard-of-oz""target = _blank>Wizard of Oz</a>"
"Star Trek (Pro)","Stern Pinball, Inc.",2013,"Type Solid state","$4160 - $4840","Normal","Dot Matrix","https://pinside.com/pinball/archive/star_trek",8.25,"https://pinside.com/pinball/archive/star_trek/ratings","315 ratings","Stern, 2013",20,8.31,7.506,7.973,8.538,8.729,4160,4840,4500,515.522969412304,3,"<a href=""https://pinside.com/pinball/archive/star_trek""target = _blank>Star Trek (Pro)</a>"
"The Simpsons Pinball Party","Stern Pinball, Inc.",2003,"Type Solid state","$4160 - $4840","Normal","Dot Matrix","https://pinside.com/pinball/archive/simpsons-pinball-party",8.241,"https://pinside.com/pinball/archive/simpsons-pinball-party/ratings","904 ratings","Stern, 2003",21,8.313,8.255,7.881,8.366,8.836,4160,4840,4500,509.280217292893,13,"<a href=""https://pinside.com/pinball/archive/simpsons-pinball-party""target = _blank>The Simpsons Pinball Party</a>"
"TRON: Legacy (Pro)","Stern Pinball, Inc.",2011,"Type Solid state","$5460 - $6340","Normal","Dot Matrix","https://pinside.com/pinball/archive/tron",8.233,"https://pinside.com/pinball/archive/tron/ratings","604 ratings","Stern, 2011",22,8.083,8.045,8.187,8.274,8.499,5460,6340,5900,694.199317566772,5,"<a href=""https://pinside.com/pinball/archive/tron""target = _blank>TRON: Legacy (Pro)</a>"
"TRON: Legacy (LE)","Stern Pinball, Inc.",2011,"Type Solid state","$9250 - $10750","Normal","Dot Matrix","https://pinside.com/pinball/archive/tron-(le)",8.232,"https://pinside.com/pinball/archive/tron-(le)/ratings","337 ratings","Stern, 2011",23,8.065,8.016,8.108,8.342,9.023,9250,10750,10000,1108.27884295689,5,"<a href=""https://pinside.com/pinball/archive/tron-(le)""target = _blank>TRON: Legacy (LE)</a>"
"Creature from the Black Lagoon","Bally Manufacturing Co.",1992,"Type Solid state","$3880 - $4520","Normal","Dot Matrix","https://pinside.com/pinball/archive/creature-from-the-black-lagoon",8.231,"https://pinside.com/pinball/archive/creature-from-the-black-lagoon/ratings","907 ratings","Bally, 1992",24,8.02,8.727,7.789,8.239,7.857,3880,4520,4200,534.555173730431,24,"<a href=""https://pinside.com/pinball/archive/creature-from-the-black-lagoon""target = _blank>Creature from the Black Lagoon</a>"
"FunHouse","Williams Electronic Games, Inc.",1990,"Type Solid state","$3420 - $3980","Normal","Alphanumeric","https://pinside.com/pinball/archive/funhouse",8.214,"https://pinside.com/pinball/archive/funhouse/ratings","912 ratings","Williams, 1990",25,8.373,8.065,7.58,8.392,8.028,3420,3980,3700,460.886895864474,26,"<a href=""https://pinside.com/pinball/archive/funhouse""target = _blank>FunHouse</a>"
"The Walking Dead (Prem/LE)","Stern Pinball, Inc.",2014,"Type Solid state","$6660 - $7740","Normal","Dot Matrix","https://pinside.com/pinball/archive/the_walking_dead_le",8.158,"https://pinside.com/pinball/archive/the_walking_dead_le/ratings","202 ratings","Stern, 2014",26,8.022,8.268,7.769,8.334,8.476,6660,7740,7200,849.457291175082,2,"<a href=""https://pinside.com/pinball/archive/the_walking_dead_le""target = _blank>The Walking Dead (Prem/LE)</a>"
"Cactus Canyon","Bally Manufacturing Co.",1998,"Type Solid state","$9710 - $11290","Normal","Dot Matrix","https://pinside.com/pinball/archive/cactus-canyon",8.136,"https://pinside.com/pinball/archive/cactus-canyon/ratings","428 ratings","Bally, 1998",27,8.125,8.252,7.635,8.181,8.4,9710,11290,10500,1250,18,"<a href=""https://pinside.com/pinball/archive/cactus-canyon""target = _blank>Cactus Canyon</a>"
"The Shadow","Bally Manufacturing Co.",1994,"Type Solid state","$2770 - $3230","Normal","Dot Matrix","https://pinside.com/pinball/archive/shadow",8.132,"https://pinside.com/pinball/archive/shadow/ratings","609 ratings","Bally, 1994",28,8.601,7.306,7.922,8.209,8.44,2770,3230,3000,355.450236966825,22,"<a href=""https://pinside.com/pinball/archive/shadow""target = _blank>The Shadow</a>"
"The Addams Family Gold (Special Collectors Edition)","Bally Manufacturing Co.",1994,"Type Solid state","$9710 - $11290","Normal","Dot Matrix","https://pinside.com/pinball/archive/addams-family-gold-special-collectors-edition",8.118,"https://pinside.com/pinball/archive/addams-family-gold-special-collectors-edition/ratings","179 ratings","Bally, 1994",29,8.275,8.001,7.768,8.264,7.857,9710,11290,10500,1336.38793432608,22,"<a href=""https://pinside.com/pinball/archive/addams-family-gold-special-collectors-edition""target = _blank>The Addams Family Gold (Special Collectors Edition)</a>"
"Lord of the Rings Limited Edition","Stern Pinball, Inc.",2009,"Type Solid state","$6470 - $7530","Normal","Dot Matrix","https://pinside.com/pinball/archive/lord-of-the-rings-(le)",8.091,"https://pinside.com/pinball/archive/lord-of-the-rings-(le)/ratings","51 ratings","Stern, 2009",30,8.459,7.735,7.924,8.392,9.62,6470,7530,7000,727.650727650728,7,"<a href=""https://pinside.com/pinball/archive/lord-of-the-rings-(le)""target = _blank>Lord of the Rings Limited Edition</a>"
"Iron Man","Stern Pinball, Inc.",2010,"Type Solid state","$4440 - $5160","Normal","Dot Matrix","https://pinside.com/pinball/archive/iron-man",8.087,"https://pinside.com/pinball/archive/iron-man/ratings","625 ratings","Stern, 2010",31,8.056,7.727,7.889,8.258,8.579,4440,5160,4800,559.505769903252,6,"<a href=""https://pinside.com/pinball/archive/iron-man""target = _blank>Iron Man</a>"
"Bram Stoker's Dracula","Williams Electronic Games, Inc.",1993,"Type Solid state","$2590 - $3010","Normal","Dot Matrix","https://pinside.com/pinball/archive/bram-stokers-dracula",8.035,"https://pinside.com/pinball/archive/bram-stokers-dracula/ratings","688 ratings","Williams, 1993",32,8.071,7.713,7.786,8.164,7.803,2590,3010,2800,358.836344995515,23,"<a href=""https://pinside.com/pinball/archive/bram-stokers-dracula""target = _blank>Bram Stoker's Dracula</a>"
"No Good Gofers","Williams Electronic Games, Inc.",1997,"Type Solid state","$3240 - $3760","Normal","Dot Matrix","https://pinside.com/pinball/archive/no-good-gofers",8.033,"https://pinside.com/pinball/archive/no-good-gofers/ratings","501 ratings","Williams, 1997",33,8.111,7.931,7.599,8.109,7.534,3240,3760,3500,464.560658348819,19,"<a href=""https://pinside.com/pinball/archive/no-good-gofers""target = _blank>No Good Gofers</a>"
"Whirlwind","Williams Electronic Games, Inc.",1990,"Type Solid state","$2130 - $2470","Normal","Alphanumeric","https://pinside.com/pinball/archive/whirlwind",7.996,"https://pinside.com/pinball/archive/whirlwind/ratings","604 ratings","Williams, 1990",34,8.155,7.813,7.271,8.25,7.883,2130,2470,2300,291.767093746036,26,"<a href=""https://pinside.com/pinball/archive/whirlwind""target = _blank>Whirlwind</a>"
"The Getaway: High Speed II","Williams Electronic Games, Inc.",1992,"Type Solid state","$2130 - $2470","Normal","Dot Matrix","https://pinside.com/pinball/archive/getaway-high-speed-ii",7.966,"https://pinside.com/pinball/archive/getaway-high-speed-ii/ratings","634 ratings","Williams, 1992",35,8.144,7.487,7.673,8.147,7.43,2130,2470,2300,309.555854643338,24,"<a href=""https://pinside.com/pinball/archive/getaway-high-speed-ii""target = _blank>The Getaway: High Speed II</a>"
"Pinball Magic","Capcom Coin-Op, Inc.",1995,"Type Solid state","$3240 - $3760","Custom shape","Dot Matrix","https://pinside.com/pinball/archive/pinball-magic",7.956,"https://pinside.com/pinball/archive/pinball-magic/ratings","192 ratings","Capcom, 1995",36,8.118,7.774,7.462,8.171,7.3,3240,3760,3500,479.452054794521,21,"<a href=""https://pinside.com/pinball/archive/pinball-magic""target = _blank>Pinball Magic</a>"
"Revenge From Mars","Bally Manufacturing Co.",1999,"Type Solid state","$2770 - $3230","Pinball 2000","Tv Screen","https://pinside.com/pinball/archive/revenge-from-mars",7.946,"https://pinside.com/pinball/archive/revenge-from-mars/ratings","646 ratings","Bally, 1999",37,7.65,8.242,8.033,7.746,8.367,2770,3230,3000,358.551452133381,17,"<a href=""https://pinside.com/pinball/archive/revenge-from-mars""target = _blank>Revenge From Mars</a>"
"Fish Tales","Williams Electronic Games, Inc.",1992,"Type Solid state","$2310 - $2690","Normal","Dot Matrix","https://pinside.com/pinball/archive/fish-tales",7.939,"https://pinside.com/pinball/archive/fish-tales/ratings","813 ratings","Williams, 1992",38,7.953,8.218,7.254,8.018,7.288,2310,2690,2500,343.029637760702,24,"<a href=""https://pinside.com/pinball/archive/fish-tales""target = _blank>Fish Tales</a>"
"Pirates of the Caribbean","Stern Pinball, Inc.",2006,"Type Solid state","$4440 - $5160","Normal","Dot Matrix","https://pinside.com/pinball/archive/pirates-of-the-caribbean",7.933,"https://pinside.com/pinball/archive/pirates-of-the-caribbean/ratings","629 ratings","Stern, 2006",39,7.964,7.879,7.493,8.036,8.196,4440,5160,4800,585.651537335286,10,"<a href=""https://pinside.com/pinball/archive/pirates-of-the-caribbean""target = _blank>Pirates of the Caribbean</a>"
"Guns N' Roses","Data East USA, Inc.",1994,"Type Solid state","$5090 - $5910","Wide body","Dot Matrix","https://pinside.com/pinball/archive/guns-n-roses",7.919,"https://pinside.com/pinball/archive/guns-n-roses/ratings","425 ratings","Data East, 1994",40,7.775,7.792,8.005,7.912,7.929,5090,5910,5500,693.656198764031,22,"<a href=""https://pinside.com/pinball/archive/guns-n-roses""target = _blank>Guns N' Roses</a>"
"Elvira and the Party Monsters","Bally Manufacturing Co.",1989,"Type Solid state","$2130 - $2470","Normal","Alphanumeric","https://pinside.com/pinball/archive/elvira-and-the-party-monsters",7.917,"https://pinside.com/pinball/archive/elvira-and-the-party-monsters/ratings","331 ratings","Bally, 1989",41,7.76,8.26,7.45,8.009,8.246,2130,2470,2300,278.923114237206,27,"<a href=""https://pinside.com/pinball/archive/elvira-and-the-party-monsters""target = _blank>Elvira and the Party Monsters</a>"
"Judge Dredd","Bally Manufacturing Co.",1993,"Type Solid state","$2030 - $2370","Wide body","Dot Matrix","https://pinside.com/pinball/archive/judge-dredd",7.916,"https://pinside.com/pinball/archive/judge-dredd/ratings","473 ratings","Bally, 1993",42,7.908,8.171,7.586,7.808,7.965,2030,2370,2200,276.208411801632,23,"<a href=""https://pinside.com/pinball/archive/judge-dredd""target = _blank>Judge Dredd</a>"
"X-Men (LE)","Stern Pinball, Inc.",2012,"Type Solid state","$5090 - $5910","Normal","Dot Matrix","https://pinside.com/pinball/archive/x-men-le",7.911,"https://pinside.com/pinball/archive/x-men-le/ratings","331 ratings","Stern, 2012",43,7.656,8.481,7.288,8.002,8.778,5090,5910,5500,626.5664160401,4,"<a href=""https://pinside.com/pinball/archive/x-men-le""target = _blank>X-Men (LE)</a>"
"Congo","Williams Electronic Games, Inc.",1995,"Type Solid state","$3140 - $3660","Normal","Dot Matrix","https://pinside.com/pinball/archive/congo",7.899,"https://pinside.com/pinball/archive/congo/ratings","345 ratings","Williams, 1995",44,8.165,7.464,7.43,7.943,7.872,3140,3660,3400,431.910569105691,21,"<a href=""https://pinside.com/pinball/archive/congo""target = _blank>Congo</a>"
"Big Bang Bar","Capcom Coin-Op, Inc.",1996,"Type Solid state","$16650 - $19350","Normal","Dot Matrix","https://pinside.com/pinball/archive/big-bang-bar",7.897,"https://pinside.com/pinball/archive/big-bang-bar/ratings","212 ratings","Capcom, 1996",45,7.704,8.359,7.336,7.845,8.654,16650,19350,18000,2079.96302287959,20,"<a href=""https://pinside.com/pinball/archive/big-bang-bar""target = _blank>Big Bang Bar</a>"
"Indianapolis 500","Bally Manufacturing Co.",1995,"Type Solid state","$2960 - $3440","Normal","Dot Matrix","https://pinside.com/pinball/archive/indianapolis-500",7.892,"https://pinside.com/pinball/archive/indianapolis-500/ratings","221 ratings","Bally, 1995",46,8.135,7.663,7.56,8.04,7.48,2960,3440,3200,427.807486631016,21,"<a href=""https://pinside.com/pinball/archive/indianapolis-500""target = _blank>Indianapolis 500</a>"
"Full Throttle","Heighway Pinball",2015,"Type Solid state","$7000 - $8000","Unknown","Wide body","https://pinside.com/pinball/archive/full-throttle",7.892,"https://pinside.com/pinball/archive/full-throttle/ratings","21 ratings","Heighway Pinball, 2015",47,8.141,7.045,7.787,8.164,8.438,7000,8000,7500,888.83621711306,1,"<a href=""https://pinside.com/pinball/archive/full-throttle""target = _blank>Full Throttle</a>"
"Game of Thrones (Premium/LE)","Stern Pinball, Inc.",2015,"Type Solid state","$6660 - $7740","Normal","Dot Matrix","https://pinside.com/pinball/archive/game-of-thrones-le",7.89,"https://pinside.com/pinball/archive/game-of-thrones-le/ratings","56 ratings","Stern, 2015",48,7.957,7.094,7.741,8.184,7.64,6660,7740,7200,942.408376963351,1,"<a href=""https://pinside.com/pinball/archive/game-of-thrones-le""target = _blank>Game of Thrones (Premium/LE)</a>"
"Road Show","Williams Electronic Games, Inc.",1994,"Type Solid state","$2590 - $3010","Wide body","Dot Matrix","https://pinside.com/pinball/archive/road-show-red-and-teds",7.887,"https://pinside.com/pinball/archive/road-show-red-and-teds/ratings","580 ratings","Williams, 1994",49,8.105,7.763,7.377,7.874,7.228,2590,3010,2800,387.382401770891,22,"<a href=""https://pinside.com/pinball/archive/road-show-red-and-teds""target = _blank>Road Show</a>"
"World Cup Soccer","Bally Manufacturing Co.",1994,"Type Solid state","$2220 - $2580","Normal","Dot Matrix","https://pinside.com/pinball/archive/world-cup-soccer",7.882,"https://pinside.com/pinball/archive/world-cup-soccer/ratings","567 ratings","Bally, 1994",50,8.163,7.27,7.471,8.086,7.725,2220,2580,2400,310.679611650485,22,"<a href=""https://pinside.com/pinball/archive/world-cup-soccer""target = _blank>World Cup Soccer</a>"
"Tales from the Crypt","Data East USA, Inc.",1993,"Type Solid state","$2220 - $2580","Normal","Dot Matrix","https://pinside.com/pinball/archive/tales-from-the-crypt",7.871,"https://pinside.com/pinball/archive/tales-from-the-crypt/ratings","356 ratings","Data East, 1993",51,7.965,7.87,7.224,8.088,7.256,2220,2580,2400,330.760749724366,23,"<a href=""https://pinside.com/pinball/archive/tales-from-the-crypt""target = _blank>Tales from the Crypt</a>"
"Family Guy","Stern Pinball, Inc.",2007,"Type Solid state","$4440 - $5160","Normal","Dot Matrix","https://pinside.com/pinball/archive/family-guy",7.867,"https://pinside.com/pinball/archive/family-guy/ratings","494 ratings","Stern, 2007",52,7.85,7.631,7.79,7.874,8.423,4440,5160,4800,569.868217974593,9,"<a href=""https://pinside.com/pinball/archive/family-guy""target = _blank>Family Guy</a>"
"Champion Pub","Bally Manufacturing Co.",1998,"Type Solid state","$4160 - $4840","Normal","Dot Matrix","https://pinside.com/pinball/archive/champion-pub",7.852,"https://pinside.com/pinball/archive/champion-pub/ratings","418 ratings","Bally, 1998",53,7.875,7.898,7.462,7.762,8.085,4160,4840,4500,556.586270871985,18,"<a href=""https://pinside.com/pinball/archive/champion-pub""target = _blank>Champion Pub</a>"
"Transformers (Premium/LE)","Stern Pinball, Inc.",2011,"Type Solid state","$4530 - $5270","Normal","Dot Matrix","https://pinside.com/pinball/archive/transformers-(le)",7.847,"https://pinside.com/pinball/archive/transformers-(le)/ratings","254 ratings","Stern, 2011",54,7.661,7.869,7.71,7.841,8.313,4530,5270,4900,589.438229279442,5,"<a href=""https://pinside.com/pinball/archive/transformers-(le)""target = _blank>Transformers (Premium/LE)</a>"
"AC/DC (Pro)","Stern Pinball, Inc.",2012,"Type Solid state","$3880 - $4520","Normal","Dot Matrix","https://pinside.com/pinball/archive/ac-dc",7.842,"https://pinside.com/pinball/archive/ac-dc/ratings","294 ratings","Stern, 2012",55,7.726,7.085,8.483,7.815,7.285,3880,4520,4200,576.527110501029,4,"<a href=""https://pinside.com/pinball/archive/ac-dc""target = _blank>AC/DC (Pro)</a>"
"Batman (The Dark Knight)","Stern Pinball, Inc.",2008,"Type Solid state","$4250 - $4950","Normal","Dot Matrix","https://pinside.com/pinball/archive/batman-the-dark-knight",7.833,"https://pinside.com/pinball/archive/batman-the-dark-knight/ratings","412 ratings","Stern, 2008",56,7.93,7.809,7.223,7.973,7.916,4250,4950,4600,581.101566447701,8,"<a href=""https://pinside.com/pinball/archive/batman-the-dark-knight""target = _blank>Batman (The Dark Knight)</a>"
"America's Most Haunted","Spooky Pinball LLC",2014,"Type Solid state","$6570 - $7630","Normal","Dot Matrix","https://pinside.com/pinball/archive/americas_most_haunted",7.833,"https://pinside.com/pinball/archive/americas_most_haunted/ratings","96 ratings","Spooky Pinball, 2014",57,7.956,7.305,7.57,7.966,7.989,6570,7630,7100,888.721992740018,2,"<a href=""https://pinside.com/pinball/archive/americas_most_haunted""target = _blank>America's Most Haunted</a>"
"The Machine: Bride of Pinbot","Williams Electronic Games, Inc.",1991,"Type Solid state","$1850 - $2150","Normal","Alphanumeric","https://pinside.com/pinball/archive/machine-bride-of-pinbot",7.824,"https://pinside.com/pinball/archive/machine-bride-of-pinbot/ratings","522 ratings","Williams, 1991",58,7.658,8.13,7.424,7.914,7.78,1850,2150,2000,257.06940874036,25,"<a href=""https://pinside.com/pinball/archive/machine-bride-of-pinbot""target = _blank>The Machine: Bride of Pinbot</a>"
"X-Men (Pro)","Stern Pinball, Inc.",2012,"Type Solid state","$3700 - $4300","Normal","Dot Matrix","https://pinside.com/pinball/archive/x-men",7.816,"https://pinside.com/pinball/archive/x-men/ratings","220 ratings","Stern, 2012",59,7.567,8.376,7.213,7.909,8.964,3700,4300,4000,446.229361892012,4,"<a href=""https://pinside.com/pinball/archive/x-men""target = _blank>X-Men (Pro)</a>"
"Earthshaker","Williams Electronic Games, Inc.",1989,"Type Solid state","$1660 - $1940","Normal","Alphanumeric","https://pinside.com/pinball/archive/earthshaker",7.807,"https://pinside.com/pinball/archive/earthshaker/ratings","310 ratings","Williams, 1989",60,7.941,7.734,7.001,7.968,7.415,1660,1940,1800,242.751180040459,27,"<a href=""https://pinside.com/pinball/archive/earthshaker""target = _blank>Earthshaker</a>"
"Doctor Who","Bally Manufacturing Co.",1992,"Type Solid state","$2590 - $3010","Normal","Dot Matrix","https://pinside.com/pinball/archive/doctor-who",7.806,"https://pinside.com/pinball/archive/doctor-who/ratings","421 ratings","Bally, 1992",61,8.057,7.419,7.352,8.037,8.227,2590,3010,2800,340.342773793606,24,"<a href=""https://pinside.com/pinball/archive/doctor-who""target = _blank>Doctor Who</a>"
"KISS (Premium/LE)","Stern Pinball, Inc.",2015,"Type Solid state","$6940 - $8060","Normal","Dot Matrix","https://pinside.com/pinball/archive/kiss-stern-le",7.799,"https://pinside.com/pinball/archive/kiss-stern-le/ratings","47 ratings","Stern, 2015",62,7.599,8.2,7.933,7.982,8.043,6940,8060,7500,932.487877657591,1,"<a href=""https://pinside.com/pinball/archive/kiss-stern-le""target = _blank>KISS (Premium/LE)</a>"
"Taxi","Williams Electronic Games, Inc.",1988,"Type Solid state","$1760 - $2040","Normal","Alphanumeric","https://pinside.com/pinball/archive/taxi",7.796,"https://pinside.com/pinball/archive/taxi/ratings","419 ratings","Williams, 1988",63,8.033,7.447,7.184,8.06,7.301,1760,2040,1900,260.238323517326,28,"<a href=""https://pinside.com/pinball/archive/taxi""target = _blank>Taxi</a>"
"Black Rose","Bally Manufacturing Co.",1992,"Type Solid state","$2030 - $2370","Normal","Dot Matrix","https://pinside.com/pinball/archive/black-rose",7.792,"https://pinside.com/pinball/archive/black-rose/ratings","291 ratings","Bally, 1992",64,7.861,7.808,7.128,7.931,6.783,2030,2370,2200,324.340262420758,24,"<a href=""https://pinside.com/pinball/archive/black-rose""target = _blank>Black Rose</a>"
"Black Knight 2000","Williams Electronic Games, Inc.",1989,"Type Solid state","$2030 - $2370","Normal","Alphanumeric","https://pinside.com/pinball/archive/black-knight-2000",7.778,"https://pinside.com/pinball/archive/black-knight-2000/ratings","354 ratings","Williams, 1989",65,7.546,7.943,7.624,7.773,7.726,2030,2370,2200,284.752782811287,27,"<a href=""https://pinside.com/pinball/archive/black-knight-2000""target = _blank>Black Knight 2000</a>"
"Ripley's Believe It or Not!","Stern Pinball, Inc.",2004,"Type Solid state","$3240 - $3760","Normal","Dot Matrix","https://pinside.com/pinball/archive/ripleys-believe-it-or-not",7.776,"https://pinside.com/pinball/archive/ripleys-believe-it-or-not/ratings","444 ratings","Stern, 2004",66,8.027,7.505,7.34,7.908,7.581,3240,3760,3500,461.680517082179,12,"<a href=""https://pinside.com/pinball/archive/ripleys-believe-it-or-not""target = _blank>Ripley's Believe It or Not!</a>"
"Terminator 2: Judgment Day","Williams Electronic Games, Inc.",1991,"Type Solid state","$2130 - $2470","Normal","Dot Matrix","https://pinside.com/pinball/archive/terminator-2-judgment-day",7.769,"https://pinside.com/pinball/archive/terminator-2-judgment-day/ratings","725 ratings","Williams, 1991",67,7.846,7.728,7.462,7.909,7.45,2130,2470,2300,308.724832214765,25,"<a href=""https://pinside.com/pinball/archive/terminator-2-judgment-day""target = _blank>Terminator 2: Judgment Day</a>"
"Centaur","Bally Manufacturing Co.",1981,"Type Solid state","$3050 - $3550","Normal","Digital","https://pinside.com/pinball/archive/centaur",7.767,"https://pinside.com/pinball/archive/centaur/ratings","251 ratings","Bally, 1981",68,7.691,8.406,7.099,7.752,7.902,3050,3550,3300,417.615793470008,35,"<a href=""https://pinside.com/pinball/archive/centaur""target = _blank>Centaur</a>"
"Junk Yard","Williams Electronic Games, Inc.",1996,"Type Solid state","$2960 - $3440","Normal","Dot Matrix","https://pinside.com/pinball/archive/junk-yard",7.762,"https://pinside.com/pinball/archive/junk-yard/ratings","417 ratings","Williams, 1996",69,7.788,8.014,7.323,7.632,7.702,2960,3440,3200,415.476499610491,20,"<a href=""https://pinside.com/pinball/archive/junk-yard""target = _blank>Junk Yard</a>"
"Johnny Mnemonic","Williams Electronic Games, Inc.",1995,"Type Solid state","$2310 - $2690","Normal","Dot Matrix","https://pinside.com/pinball/archive/johnny-mnemonic",7.753,"https://pinside.com/pinball/archive/johnny-mnemonic/ratings","363 ratings","Williams, 1995",70,8.154,7.146,7.431,7.878,7.818,2310,2690,2500,319.774878485546,21,"<a href=""https://pinside.com/pinball/archive/johnny-mnemonic""target = _blank>Johnny Mnemonic</a>"
"Jurassic Park","Data East USA, Inc.",1993,"Type Solid state","$2220 - $2580","Normal","Dot Matrix","https://pinside.com/pinball/archive/jurassic-park",7.75,"https://pinside.com/pinball/archive/jurassic-park/ratings","449 ratings","Data East, 1993",71,7.842,7.61,7.411,7.978,7.865,2220,2580,2400,305.149396058487,23,"<a href=""https://pinside.com/pinball/archive/jurassic-park""target = _blank>Jurassic Park</a>"
"The Who's Tommy Pinball Wizard","Data East USA, Inc.",1994,"Type Solid state","$2770 - $3230","Normal","Dot Matrix","https://pinside.com/pinball/archive/tommy-pinball-wizard",7.738,"https://pinside.com/pinball/archive/tommy-pinball-wizard/ratings","271 ratings","Data East, 1994",72,7.84,7.342,7.727,7.749,8.056,2770,3230,3000,372.393247269116,22,"<a href=""https://pinside.com/pinball/archive/tommy-pinball-wizard""target = _blank>The Who's Tommy Pinball Wizard</a>"
"Diner","Williams Electronic Games, Inc.",1990,"Type Solid state","$1760 - $2040","Normal","Alphanumeric","https://pinside.com/pinball/archive/diner",7.732,"https://pinside.com/pinball/archive/diner/ratings","224 ratings","Williams, 1990",73,7.74,8.083,6.815,7.868,7.194,1760,2040,1900,264.10897970531,26,"<a href=""https://pinside.com/pinball/archive/diner""target = _blank>Diner</a>"
"Batman Forever","Sega Pinball, Inc. (US)",1995,"Type Solid state","$2220 - $2580","Wide body","Dot Matrix","https://pinside.com/pinball/archive/batman-forever",7.729,"https://pinside.com/pinball/archive/batman-forever/ratings","187 ratings","Sega, 1995",74,7.652,7.927,7.403,7.73,8.31,2220,2580,2400,288.808664259928,21,"<a href=""https://pinside.com/pinball/archive/batman-forever""target = _blank>Batman Forever</a>"
"Pinbot","Williams Electronic Games, Inc.",1986,"Type Solid state","$1390 - $1610","Normal","Alphanumeric","https://pinside.com/pinball/archive/pinbot",7.722,"https://pinside.com/pinball/archive/pinbot/ratings","425 ratings","Williams, 1986",75,7.721,7.753,7.218,7.909,7.521,1390,1610,1500,199.441563621859,30,"<a href=""https://pinside.com/pinball/archive/pinbot""target = _blank>Pinbot</a>"
"Fathom","Bally Manufacturing Co.",1980,"Type Solid state","$3240 - $3760","Normal","Digital","https://pinside.com/pinball/archive/fathom",7.713,"https://pinside.com/pinball/archive/fathom/ratings","145 ratings","Bally, 1980",76,7.708,8.611,6.299,7.848,8.098,3240,3760,3500,432.205482835268,36,"<a href=""https://pinside.com/pinball/archive/fathom""target = _blank>Fathom</a>"
"Corvette","Bally Manufacturing Co.",1994,"Type Solid state","$2590 - $3010","Normal","Dot Matrix","https://pinside.com/pinball/archive/corvette",7.712,"https://pinside.com/pinball/archive/corvette/ratings","230 ratings","Bally, 1994",77,7.791,7.603,7.227,7.851,7.519,2590,3010,2800,372.389945471472,22,"<a href=""https://pinside.com/pinball/archive/corvette""target = _blank>Corvette</a>"
"Banzai Run","Williams Electronic Games, Inc.",1988,"Type Solid state","$4440 - $5160","Normal","Alphanumeric","https://pinside.com/pinball/archive/banzai-run",7.704,"https://pinside.com/pinball/archive/banzai-run/ratings","215 ratings","Williams, 1988",78,7.949,7.661,6.946,7.872,7.663,4440,5160,4800,626.386532689547,28,"<a href=""https://pinside.com/pinball/archive/banzai-run""target = _blank>Banzai Run</a>"
"Eight Ball Deluxe","Bally Manufacturing Co.",1980,"Type Solid state","$3240 - $3760","Normal","Digital","https://pinside.com/pinball/archive/eight-ball-deluxe",7.699,"https://pinside.com/pinball/archive/eight-ball-deluxe/ratings","204 ratings","Bally, 1980",79,7.914,7.588,6.459,7.975,7.046,3240,3760,3500,496.735736588135,36,"<a href=""https://pinside.com/pinball/archive/eight-ball-deluxe""target = _blank>Eight Ball Deluxe</a>"
"KISS (Pro)","Stern Pinball, Inc.",2015,"Type Solid state","$4620 - $5380","Normal","Dot Matrix","https://pinside.com/pinball/archive/kiss-stern",7.688,"https://pinside.com/pinball/archive/kiss-stern/ratings","105 ratings","Stern, 2015",80,7.373,7.97,7.53,7.519,7.389,4620,5380,5000,676.681553660847,1,"<a href=""https://pinside.com/pinball/archive/kiss-stern""target = _blank>KISS (Pro)</a>"
"Demolition Man","Williams Electronic Games, Inc.",1994,"Type Solid state","$2030 - $2370","Wide body","Dot Matrix","https://pinside.com/pinball/archive/demolition-man",7.682,"https://pinside.com/pinball/archive/demolition-man/ratings","435 ratings","Williams, 1994",81,8.049,6.785,7.525,7.806,8.104,2030,2370,2200,271.47087857848,22,"<a href=""https://pinside.com/pinball/archive/demolition-man""target = _blank>Demolition Man</a>"
"High Speed","Williams Electronic Games, Inc.",1986,"Type Solid state","$1110 - $1290","Normal","Alphanumeric","https://pinside.com/pinball/archive/high-speed",7.682,"https://pinside.com/pinball/archive/high-speed/ratings","331 ratings","Williams, 1986",82,7.875,7.323,6.983,7.967,7.872,1110,1290,1200,152.439024390244,30,"<a href=""https://pinside.com/pinball/archive/high-speed""target = _blank>High Speed</a>"
"Cyclone","Williams Electronic Games, Inc.",1988,"Type Solid state","$2130 - $2470","Normal","Alphanumeric","https://pinside.com/pinball/archive/cyclone",7.674,"https://pinside.com/pinball/archive/cyclone/ratings","306 ratings","Williams, 1988",83,7.831,7.617,7.064,7.857,6.596,2130,2470,2300,348.696179502729,28,"<a href=""https://pinside.com/pinball/archive/cyclone""target = _blank>Cyclone</a>"
"Mustang (Premium/LE)","Stern Pinball, Inc.",2014,"Type Solid state","$6100 - $7100","Normal","Dot Matrix","https://pinside.com/pinball/archive/mustang_le",7.67,"https://pinside.com/pinball/archive/mustang_le/ratings","65 ratings","Stern, 2014",84,7.844,7.558,7.27,7.823,7.855,6100,7100,6600,840.229153405474,2,"<a href=""https://pinside.com/pinball/archive/mustang_le""target = _blank>Mustang (Premium/LE)</a>"
"Xenon","Bally Manufacturing Co.",1980,"Type Solid state","$1200 - $1400","Normal","Digital","https://pinside.com/pinball/archive/xenon",7.633,"https://pinside.com/pinball/archive/xenon/ratings","237 ratings","Bally, 1980",87,7.271,8.63,7.097,7.56,7.585,1200,1400,1300,171.39090309822,36,"<a href=""https://pinside.com/pinball/archive/xenon""target = _blank>Xenon</a>"
"Firepower","Williams Electronic Games, Inc.",1980,"Type Solid state","$550 - $650","Normal","Digital","https://pinside.com/pinball/archive/firepower",7.619,"https://pinside.com/pinball/archive/firepower/ratings","199 ratings","Williams, 1980",88,7.749,7.416,6.922,7.742,7.185,550,650,600,83.5073068893528,36,"<a href=""https://pinside.com/pinball/archive/firepower""target = _blank>Firepower</a>"
"WHO dunnit","Bally Manufacturing Co.",1995,"Type Solid state","$2400 - $2800","Normal","Dot Matrix","https://pinside.com/pinball/archive/who-dunnit",7.617,"https://pinside.com/pinball/archive/who-dunnit/ratings","337 ratings","Bally, 1995",89,7.507,7.505,7.483,7.526,7.879,2400,2800,2600,329.99111562381,21,"<a href=""https://pinside.com/pinball/archive/who-dunnit""target = _blank>WHO dunnit</a>"
"Safe Cracker","Bally Manufacturing Co.",1996,"Type Solid state","$5460 - $6340","Small body","Dot Matrix","https://pinside.com/pinball/archive/safe-cracker",7.614,"https://pinside.com/pinball/archive/safe-cracker/ratings","220 ratings","Bally, 1996",90,7.571,7.893,7.203,7.531,8.166,5460,6340,5900,722.507959833456,20,"<a href=""https://pinside.com/pinball/archive/safe-cracker""target = _blank>Safe Cracker</a>"
"The Walking Dead (Pro)","Stern Pinball, Inc.",2014,"Type Solid state","$4160 - $4840","Normal","Dot Matrix","https://pinside.com/pinball/archive/the_walking_dead",7.614,"https://pinside.com/pinball/archive/the_walking_dead/ratings","198 ratings","Stern, 2014",91,7.404,7.796,7.123,7.681,7.632,4160,4840,4500,589.622641509434,2,"<a href=""https://pinside.com/pinball/archive/the_walking_dead""target = _blank>The Walking Dead (Pro)</a>"
"Embryon","Bally Manufacturing Co.",1980,"Type Solid state","$920 - $1080","Wide body","4","https://pinside.com/pinball/archive/embryon",7.609,"https://pinside.com/pinball/archive/embryon/ratings","88 ratings","Bally, 1980",92,7.598,7.968,6.143,7.624,7.167,920,1080,1000,139.528394028185,36,"<a href=""https://pinside.com/pinball/archive/embryon""target = _blank>Embryon</a>"
"Mary Shelley's Frankenstein","Sega Pinball, Inc. (US)",1995,"Type Solid state","$1940 - $2260","Normal","Dot Matrix","https://pinside.com/pinball/archive/mary-shellys-frankenstein",7.608,"https://pinside.com/pinball/archive/mary-shellys-frankenstein/ratings","175 ratings","Sega, 1995",93,7.594,7.736,7.533,7.507,7.224,1940,2260,2100,290.697674418605,21,"<a href=""https://pinside.com/pinball/archive/mary-shellys-frankenstein""target = _blank>Mary Shelley's Frankenstein</a>"
"Star Wars","Data East USA, Inc.",1992,"Type Solid state","$3240 - $3760","Normal","Dot Matrix","https://pinside.com/pinball/archive/star-wars",7.606,"https://pinside.com/pinball/archive/star-wars/ratings","334 ratings","Data East, 1992",94,7.457,7.891,7.285,7.689,7.698,3240,3760,3500,454.663548973759,24,"<a href=""https://pinside.com/pinball/archive/star-wars""target = _blank>Star Wars</a>"
"Catacomb","Stern Pinball, Inc.",1981,"Type Solid state","$1390 - $1610","Normal","Alphanumeric","https://pinside.com/pinball/archive/catacomb",7.593,"https://pinside.com/pinball/archive/catacomb/ratings","24 ratings","Stern, 1981",95,7.39,8.158,6.198,7.569,6.811,1390,1610,1500,220.23197768316,35,"<a href=""https://pinside.com/pinball/archive/catacomb""target = _blank>Catacomb</a>"
"Paragon","Bally Manufacturing Co.",1978,"Type Solid state","$1110 - $1290","Wide body","Digital","https://pinside.com/pinball/archive/paragon",7.584,"https://pinside.com/pinball/archive/paragon/ratings","169 ratings","Bally, 1978",97,7.525,8.667,5.765,7.657,7.308,1110,1290,1200,164.203612479475,38,"<a href=""https://pinside.com/pinball/archive/paragon""target = _blank>Paragon</a>"
"Game Of Thrones (Pro)","Stern Pinball, Inc.",2015,"Type Solid state","$5000 - $6000","Normal","Dot Matrix","https://pinside.com/pinball/archive/game_of_thrones",7.579,"https://pinside.com/pinball/archive/game_of_thrones/ratings","79 ratings","Stern, 2015",98,7.906,6.456,7.834,7.806,8.635,5000,6000,5500,636.942675159236,1,"<a href=""https://pinside.com/pinball/archive/game_of_thrones""target = _blank>Game Of Thrones (Pro)</a>"
"Goldeneye","Sega Pinball, Inc. (US)",1996,"Type Solid state","$1760 - $2040","Normal","Dot Matrix","https://pinside.com/pinball/archive/goldeneye",7.577,"https://pinside.com/pinball/archive/goldeneye/ratings","129 ratings","Sega, 1996",99,7.607,7.489,7.181,7.686,7.657,1760,2040,1900,248.138957816377,20,"<a href=""https://pinside.com/pinball/archive/goldeneye""target = _blank>Goldeneye</a>"
"Haunted House","D. Gottlieb & Co.",1982,"Type Solid state","$1760 - $2040","Wide body","Digital","https://pinside.com/pinball/archive/haunted-house",7.571,"https://pinside.com/pinball/archive/haunted-house/ratings","259 ratings","Gottlieb, 1982",100,7.518,8.228,6.678,7.639,7.715,1760,2040,1900,246.273493195075,34,"<a href=""https://pinside.com/pinball/archive/haunted-house""target = _blank>Haunted House</a>"
"Centaur II","Bally Manufacturing Co.",1983,"Type Solid state","$2000 - $2400","Normal","Digital","https://pinside.com/pinball/archive/centaur-ii",7.567,"https://pinside.com/pinball/archive/centaur-ii/ratings","48 ratings","Bally, 1983",101,7.669,7.702,6.339,7.582,6.886,2000,2400,2200,319.488817891374,33,"<a href=""https://pinside.com/pinball/archive/centaur-ii""target = _blank>Centaur II</a>"
"Stargate","D. Gottlieb & Co.",1995,"Type Solid state","$1850 - $2150","Normal","Dot Matrix","https://pinside.com/pinball/archive/stargate",7.565,"https://pinside.com/pinball/archive/stargate/ratings","278 ratings","Gottlieb, 1995",102,7.784,7.83,6.705,7.704,7.43,1850,2150,2000,269.179004037685,21,"<a href=""https://pinside.com/pinball/archive/stargate""target = _blank>Stargate</a>"
"Space Shuttle","Williams Electronic Games, Inc.",1984,"Type Solid state","$1200 - $1400","Normal","Digital","https://pinside.com/pinball/archive/space-shuttle",7.561,"https://pinside.com/pinball/archive/space-shuttle/ratings","213 ratings","Williams, 1984",103,7.764,7.619,6.462,7.803,7.151,1200,1400,1300,181.792756257866,32,"<a href=""https://pinside.com/pinball/archive/space-shuttle""target = _blank>Space Shuttle</a>"
"Blackout","Williams Electronic Games, Inc.",1980,"Type Solid state","$920 - $1080","Normal","Digital","https://pinside.com/pinball/archive/blackout",7.559,"https://pinside.com/pinball/archive/blackout/ratings","67 ratings","Williams, 1980",104,7.709,7.41,6.39,7.701,8.04,920,1080,1000,124.378109452736,36,"<a href=""https://pinside.com/pinball/archive/blackout""target = _blank>Blackout</a>"
"No Fear: Dangerous Sports","Williams Electronic Games, Inc.",1995,"Type Solid state","$2030 - $2370","Normal","Dot Matrix","https://pinside.com/pinball/archive/no-fear-dangerous-sports",7.543,"https://pinside.com/pinball/archive/no-fear-dangerous-sports/ratings","312 ratings","Williams, 1995",105,7.72,7.469,7.203,7.435,6.877,2030,2370,2200,319.906936164025,21,"<a href=""https://pinside.com/pinball/archive/no-fear-dangerous-sports""target = _blank>No Fear: Dangerous Sports</a>"
"Swords of Fury","Williams Electronic Games, Inc.",1988,"Type Solid state","$1850 - $2150","Normal","Alphanumeric","https://pinside.com/pinball/archive/swords-of-fury",7.539,"https://pinside.com/pinball/archive/swords-of-fury/ratings","158 ratings","Williams, 1988",106,7.469,7.706,7.095,7.588,8.167,1850,2150,2000,244.887963756581,28,"<a href=""https://pinside.com/pinball/archive/swords-of-fury""target = _blank>Swords of Fury</a>"
"Dirty Harry","Williams Electronic Games, Inc.",1995,"Type Solid state","$2400 - $2800","Normal","Dot Matrix","https://pinside.com/pinball/archive/dirty-harry",7.537,"https://pinside.com/pinball/archive/dirty-harry/ratings","215 ratings","Williams, 1995",107,7.586,7.282,7.367,7.678,7.679,2400,2800,2600,338.585753353301,21,"<a href=""https://pinside.com/pinball/archive/dirty-harry""target = _blank>Dirty Harry</a>"
"Royal Rumble (WWF)","Data East USA, Inc.",1994,"Type Solid state","$1940 - $2260","Wide body","Dot Matrix","https://pinside.com/pinball/archive/royal-rumble-wwf",7.536,"https://pinside.com/pinball/archive/royal-rumble-wwf/ratings","138 ratings","Data East, 1994",108,7.616,7.197,7.111,7.679,7.784,1940,2260,2100,269.784172661871,22,"<a href=""https://pinside.com/pinball/archive/royal-rumble-wwf""target = _blank>Royal Rumble (WWF)</a>"
"NBA Fastbreak","Bally Manufacturing Co.",1997,"Type Solid state","$1850 - $2150","Normal","Dot Matrix","https://pinside.com/pinball/archive/nba-fastbreak",7.536,"https://pinside.com/pinball/archive/nba-fastbreak/ratings","246 ratings","Bally, 1997",109,7.664,7.323,7.315,7.627,7.625,1850,2150,2000,262.295081967213,19,"<a href=""https://pinside.com/pinball/archive/nba-fastbreak""target = _blank>NBA Fastbreak</a>"
"Mousin' Around!","Bally Manufacturing Co.",1989,"Type Solid state","$1110 - $1290","Normal","Alphanumeric","https://pinside.com/pinball/archive/mousin-around",7.535,"https://pinside.com/pinball/archive/mousin-around/ratings","115 ratings","Bally, 1989",110,7.736,7.246,6.964,7.672,7.971,1110,1290,1200,150.54572826496,27,"<a href=""https://pinside.com/pinball/archive/mousin-around""target = _blank>Mousin' Around!</a>"
"Breakshot","Capcom Coin-Op, Inc.",1996,"Type Solid state","$1480 - $1720","Normal","Dot Matrix","https://pinside.com/pinball/archive/breakshot",7.53,"https://pinside.com/pinball/archive/breakshot/ratings","96 ratings","Capcom, 1996",113,7.66,7.589,6.802,7.621,7.583,1480,1720,1600,210.998285638929,20,"<a href=""https://pinside.com/pinball/archive/breakshot""target = _blank>Breakshot</a>"
"Jack*Bot","Williams Electronic Games, Inc.",1995,"Type Solid state","$2030 - $2370","Normal","Dot Matrix","https://pinside.com/pinball/archive/jack-bot",7.529,"https://pinside.com/pinball/archive/jack-bot/ratings","186 ratings","Williams, 1995",114,7.492,7.643,7.053,7.458,7.569,2030,2370,2200,290.659268067116,21,"<a href=""https://pinside.com/pinball/archive/jack-bot""target = _blank>Jack*Bot</a>"
"Black Knight","Williams Electronic Games, Inc.",1980,"Type Solid state","$1390 - $1610","Normal","Digital","https://pinside.com/pinball/archive/black-knight",7.529,"https://pinside.com/pinball/archive/black-knight/ratings","339 ratings","Williams, 1980",115,7.631,7.919,6.499,7.691,7.334,1390,1610,1500,204.526861194437,36,"<a href=""https://pinside.com/pinball/archive/black-knight""target = _blank>Black Knight</a>"
"Joker Poker","D. Gottlieb & Co.",1978,"Type Solid state","$460 - $540","Normal","Digital","https://pinside.com/pinball/archive/joker-poker",7.523,"https://pinside.com/pinball/archive/joker-poker/ratings","55 ratings","Gottlieb, 1978",116,7.753,7.765,4.707,7.976,7.474,460,540,500,66.8985817500669,38,"<a href=""https://pinside.com/pinball/archive/joker-poker""target = _blank>Joker Poker</a>"
"F-14 Tomcat","Williams Electronic Games, Inc.",1987,"Type Solid state","$1200 - $1400","Normal","Alphanumeric","https://pinside.com/pinball/archive/f-14-tomcat",7.522,"https://pinside.com/pinball/archive/f-14-tomcat/ratings","306 ratings","Williams, 1987",117,7.51,7.342,7.091,7.754,7.263,1200,1400,1300,178.989398320253,29,"<a href=""https://pinside.com/pinball/archive/f-14-tomcat""target = _blank>F-14 Tomcat</a>"
"Gorgar","Williams Electronic Games, Inc.",1979,"Type Solid state","$1390 - $1610","Normal","Digital","https://pinside.com/pinball/archive/gorgar",7.519,"https://pinside.com/pinball/archive/gorgar/ratings","216 ratings","Williams, 1979",118,7.369,7.999,7.056,7.495,7.542,1390,1610,1500,198.886237072395,37,"<a href=""https://pinside.com/pinball/archive/gorgar""target = _blank>Gorgar</a>"
"Black Hole","D. Gottlieb & Co.",1981,"Type Solid state","$1110 - $1290","Wide body","Digital","https://pinside.com/pinball/archive/black-hole",7.514,"https://pinside.com/pinball/archive/black-hole/ratings","256 ratings","Gottlieb, 1981",120,7.653,8.035,6.298,7.692,7.602,1110,1290,1200,157.85319652723,35,"<a href=""https://pinside.com/pinball/archive/black-hole""target = _blank>Black Hole</a>"
"Sorcerer","Williams Electronic Games, Inc.",1985,"Type Solid state","$1200 - $1400","Normal","Digital","https://pinside.com/pinball/archive/sorcerer",7.508,"https://pinside.com/pinball/archive/sorcerer/ratings","135 ratings","Williams, 1985",121,7.404,8.218,6.874,7.678,8.224,1200,1400,1300,158.073929961089,31,"<a href=""https://pinside.com/pinball/archive/sorcerer""target = _blank>Sorcerer</a>"
"The Sopranos","Stern Pinball, Inc.",2005,"Type Solid state","$3330 - $3870","Normal","Dot Matrix","https://pinside.com/pinball/archive/sopranos",7.508,"https://pinside.com/pinball/archive/sopranos/ratings","333 ratings","Stern, 2005",122,7.687,6.944,7.35,7.694,6.536,3330,3870,3600,550.795593635251,11,"<a href=""https://pinside.com/pinball/archive/sopranos""target = _blank>The Sopranos</a>"
"Elvis","Stern Pinball, Inc.",2004,"Type Solid state","$4160 - $4840","Normal","Dot Matrix","https://pinside.com/pinball/archive/elvis",7.504,"https://pinside.com/pinball/archive/elvis/ratings","315 ratings","Stern, 2004",124,7.41,7.268,7.757,7.361,7.382,4160,4840,4500,609.590896775941,12,"<a href=""https://pinside.com/pinball/archive/elvis""target = _blank>Elvis</a>"
"Space Station","Williams Electronic Games, Inc.",1987,"Type Solid state","$1660 - $1940","Normal","Alphanumeric","https://pinside.com/pinball/archive/space-station",7.503,"https://pinside.com/pinball/archive/space-station/ratings","101 ratings","Williams, 1987",125,7.452,7.481,6.934,7.644,6.958,1660,1940,1800,258.695027306697,29,"<a href=""https://pinside.com/pinball/archive/space-station""target = _blank>Space Station</a>"
"The Adventures of Rocky and Bullwinkle and Friends","Data East USA, Inc.",1993,"Type Solid state","$1850 - $2150","Normal","Dot Matrix","https://pinside.com/pinball/archive/adventures-of-rocky-and-bullwinkle-and-friends",7.498,"https://pinside.com/pinball/archive/adventures-of-rocky-and-bullwinkle-and-friends/ratings","165 ratings","Data East, 1993",126,7.221,8.068,7.025,7.482,7.309,1850,2150,2000,273.635244219455,23,"<a href=""https://pinside.com/pinball/archive/adventures-of-rocky-and-bullwinkle-and-friends""target = _blank>The Adventures of Rocky and Bullwinkle and Friends</a>"
"The Flintstones","Williams Electronic Games, Inc.",1994,"Type Solid state","$2500 - $2900","Normal","Dot Matrix","https://pinside.com/pinball/archive/flintstones",7.493,"https://pinside.com/pinball/archive/flintstones/ratings","223 ratings","Williams, 1994",127,7.633,7.086,7.279,7.495,7.981,2500,2900,2700,338.303470743015,22,"<a href=""https://pinside.com/pinball/archive/flintstones""target = _blank>The Flintstones</a>"
"Grand Lizard","Williams Electronic Games, Inc.",1986,"Type Solid state","$1110 - $1290","Small body","Alphanumeric","https://pinside.com/pinball/archive/grand-lizard",7.493,"https://pinside.com/pinball/archive/grand-lizard/ratings","82 ratings","Williams, 1986",128,7.773,7.138,6.417,7.732,6.836,1110,1290,1200,175.541252194266,30,"<a href=""https://pinside.com/pinball/archive/grand-lizard""target = _blank>Grand Lizard</a>"
"Terminator 3: Rise of the Machines","Stern Pinball, Inc.",2003,"Type Solid state","$2590 - $3010","Normal","Dot Matrix","https://pinside.com/pinball/archive/terminator-3-rise-of-the-machines",7.492,"https://pinside.com/pinball/archive/terminator-3-rise-of-the-machines/ratings","286 ratings","Stern, 2003",129,7.61,7.306,7.307,7.599,8.094,2590,3010,2800,345.935260686929,13,"<a href=""https://pinside.com/pinball/archive/terminator-3-rise-of-the-machines""target = _blank>Terminator 3: Rise of the Machines</a>"
"Transformers (Pro)","Stern Pinball, Inc.",2011,"Type Solid state","$3330 - $3870","Normal","Dot Matrix","https://pinside.com/pinball/archive/transformers",7.489,"https://pinside.com/pinball/archive/transformers/ratings","204 ratings","Stern, 2011",130,7.354,7.574,7.341,7.394,8.225,3330,3870,3600,437.689969604863,5,"<a href=""https://pinside.com/pinball/archive/transformers""target = _blank>Transformers (Pro)</a>"
"The Avengers (Premium/LE)","Stern Pinball, Inc.",2012,"Type Solid state","$5360 - $6240","Normal","Dot Matrix","https://pinside.com/pinball/archive/the-avengers-le",7.487,"https://pinside.com/pinball/archive/the-avengers-le/ratings","235 ratings","Stern, 2012",131,7.146,7.961,7.265,7.402,7.681,5360,6240,5800,755.110011717224,4,"<a href=""https://pinside.com/pinball/archive/the-avengers-le""target = _blank>The Avengers (Premium/LE)</a>"
"Medusa","Bally Manufacturing Co.",1981,"Type Solid state","$2030 - $2370","Normal","Digital","https://pinside.com/pinball/archive/medusa",7.484,"https://pinside.com/pinball/archive/medusa/ratings","82 ratings","Bally, 1981",132,7.511,8.17,6.289,7.596,7.904,2030,2370,2200,278.34008097166,35,"<a href=""https://pinside.com/pinball/archive/medusa""target = _blank>Medusa</a>"
"Flash Gordon","Bally Manufacturing Co.",1980,"Type Solid state","$1660 - $1940","Normal","Digital","https://pinside.com/pinball/archive/flash-gordon",7.483,"https://pinside.com/pinball/archive/flash-gordon/ratings","145 ratings","Bally, 1980",133,7.553,7.816,6.493,7.622,8.029,1660,1940,1800,224.187320961515,36,"<a href=""https://pinside.com/pinball/archive/flash-gordon""target = _blank>Flash Gordon</a>"
"Mystery Castle","Alvin G. and Company",1993,"Type Solid state","$3700 - $4300","Normal","Dot Matrix","https://pinside.com/pinball/archive/mystery-castle",7.475,"https://pinside.com/pinball/archive/mystery-castle/ratings","40 ratings","Alvin G. & Co, 1993",134,7.274,7.587,7.434,7.627,6.559,3700,4300,4000,609.849062357067,23,"<a href=""https://pinside.com/pinball/archive/mystery-castle""target = _blank>Mystery Castle</a>"
"Skateball","Bally Manufacturing Co.",1980,"Type Solid state","$2030 - $2370","Normal","Digital","https://pinside.com/pinball/archive/skateball",7.466,"https://pinside.com/pinball/archive/skateball/ratings","41 ratings","Bally, 1980",135,7.781,7.542,5.025,7.684,8.559,2030,2370,2200,257.039373758617,36,"<a href=""https://pinside.com/pinball/archive/skateball""target = _blank>Skateball</a>"
"Last Action Hero","Data East USA, Inc.",1993,"Type Solid state","$1850 - $2150","Normal","Dot Matrix","https://pinside.com/pinball/archive/last-action-hero",7.465,"https://pinside.com/pinball/archive/last-action-hero/ratings","202 ratings","Data East, 1993",136,7.894,6.845,7.277,7.624,7.146,1850,2150,2000,279.876854184159,23,"<a href=""https://pinside.com/pinball/archive/last-action-hero""target = _blank>Last Action Hero</a>"
"Baywatch","Sega Pinball, Inc. (US)",1995,"Type Solid state","$1940 - $2260","Normal","Dot Matrix","https://pinside.com/pinball/archive/baywatch",7.462,"https://pinside.com/pinball/archive/baywatch/ratings","125 ratings","Sega, 1995",137,7.859,7.341,6.698,7.526,8.208,1940,2260,2100,255.847953216374,21,"<a href=""https://pinside.com/pinball/archive/baywatch""target = _blank>Baywatch</a>"
"Phantom of the Opera","Data East USA, Inc.",1990,"Type Solid state","$2220 - $2580","Normal","Alphanumeric","https://pinside.com/pinball/archive/phantom-of-the-opera",7.457,"https://pinside.com/pinball/archive/phantom-of-the-opera/ratings","124 ratings","Data East, 1990",138,6.942,8.327,7.284,7.288,7.171,2220,2580,2400,334.68135545949,26,"<a href=""https://pinside.com/pinball/archive/phantom-of-the-opera""target = _blank>Phantom of the Opera</a>"
"Starship Troopers","Sega Pinball, Inc. (US)",1997,"Type Solid state","$1760 - $2040","Normal","Dot Matrix","https://pinside.com/pinball/archive/starship-troopers",7.435,"https://pinside.com/pinball/archive/starship-troopers/ratings","174 ratings","Sega, 1997",142,7.685,7.167,6.823,7.692,7.726,1760,2040,1900,245.922857882475,19,"<a href=""https://pinside.com/pinball/archive/starship-troopers""target = _blank>Starship Troopers</a>"
"Time Machine","Data East USA, Inc.",1988,"Type Solid state","$1390 - $1610","Normal","Alphanumeric","https://pinside.com/pinball/archive/time-machine",7.431,"https://pinside.com/pinball/archive/time-machine/ratings","89 ratings","Data East, 1988",144,7.232,7.212,7.487,7.463,6.828,1390,1610,1500,219.683655536028,28,"<a href=""https://pinside.com/pinball/archive/time-machine""target = _blank>Time Machine</a>"
"Laser War","Data East USA, Inc.",1987,"Type Solid state","$1200 - $1400","Normal","Alphanumeric","https://pinside.com/pinball/archive/laser-war",7.425,"https://pinside.com/pinball/archive/laser-war/ratings","38 ratings","Data East, 1987",145,7.522,6.303,7.355,7.456,7.425,1200,1400,1300,175.084175084175,29,"<a href=""https://pinside.com/pinball/archive/laser-war""target = _blank>Laser War</a>"
"Fireball II","Bally Manufacturing Co.",1980,"Type Solid state","$1290 - $1510","Normal","Digital","https://pinside.com/pinball/archive/fireball-ii",7.423,"https://pinside.com/pinball/archive/fireball-ii/ratings","40 ratings","Bally, 1980",147,7.312,7.953,6.533,7.458,7.949,1290,1510,1400,176.122782739967,36,"<a href=""https://pinside.com/pinball/archive/fireball-ii""target = _blank>Fireball II</a>"
"Eight Ball Deluxe Limited Edition","Bally Manufacturing Co.",1982,"Type Solid state","$1290 - $1510","Custom shape","Digital","https://pinside.com/pinball/archive/eight-ball-deluxe-limited-edition",7.419,"https://pinside.com/pinball/archive/eight-ball-deluxe-limited-edition/ratings","26 ratings","Bally, 1982",148,7.679,7.108,6.25,7.878,7.34,1290,1510,1400,190.735694822888,34,"<a href=""https://pinside.com/pinball/archive/eight-ball-deluxe-limited-edition""target = _blank>Eight Ball Deluxe Limited Edition</a>"
"Shrek","Stern Pinball, Inc.",2008,"Type Solid state","$3980 - $4620","Normal","Dot Matrix","https://pinside.com/pinball/archive/shrek",7.414,"https://pinside.com/pinball/archive/shrek/ratings","201 ratings","Stern, 2008",149,7.497,7.391,7.153,7.237,7.961,3980,4620,4300,540.133149101872,8,"<a href=""https://pinside.com/pinball/archive/shrek""target = _blank>Shrek</a>"
"Dr. Dude","Bally Manufacturing Co.",1990,"Type Solid state","$1480 - $1720","Normal","Alphanumeric","https://pinside.com/pinball/archive/dr-dude",7.411,"https://pinside.com/pinball/archive/dr-dude/ratings","155 ratings","Bally, 1990",150,7.5,7.752,6.574,7.421,7.352,1480,1720,1600,217.627856365615,26,"<a href=""https://pinside.com/pinball/archive/dr-dude""target = _blank>Dr. Dude</a>"
"Star Trek","Data East USA, Inc.",1991,"Type Solid state","$2030 - $2370","Normal","Dot Matrix","https://pinside.com/pinball/archive/star-trek-dataeast",7.409,"https://pinside.com/pinball/archive/star-trek-dataeast/ratings","96 ratings","Data East, 1991",151,7.272,7.837,6.86,7.523,7.185,2030,2370,2200,306.193458594294,25,"<a href=""https://pinside.com/pinball/archive/star-trek-dataeast""target = _blank>Star Trek</a>"
"Avatar (Pro)","Stern Pinball, Inc.",2010,"Type Solid state","$4160 - $4840","Normal","Dot Matrix","https://pinside.com/pinball/archive/avatar",7.409,"https://pinside.com/pinball/archive/avatar/ratings","204 ratings","Stern, 2010",152,7.102,7.803,7.421,7.108,7.548,4160,4840,4500,596.184419713832,6,"<a href=""https://pinside.com/pinball/archive/avatar""target = _blank>Avatar (Pro)</a>"
"Party Zone","Bally Manufacturing Co.",1991,"Type Solid state","$1760 - $2040","Normal","Dot Matrix","https://pinside.com/pinball/archive/party-zone",7.404,"https://pinside.com/pinball/archive/party-zone/ratings","146 ratings","Bally, 1991",154,7.511,7.49,6.922,7.34,6.973,1760,2040,1900,272.479564032698,25,"<a href=""https://pinside.com/pinball/archive/party-zone""target = _blank>Party Zone</a>"
"Apollo 13","Sega Pinball, Inc. (US)",1995,"Type Solid state","$2400 - $2800","Normal","Dot Matrix","https://pinside.com/pinball/archive/apollo-13",7.399,"https://pinside.com/pinball/archive/apollo-13/ratings","145 ratings","Sega, 1995",155,7.589,7.211,7.159,7.538,7.117,2400,2800,2600,365.322467331741,21,"<a href=""https://pinside.com/pinball/archive/apollo-13""target = _blank>Apollo 13</a>"
"Bad Cats","Williams Electronic Games, Inc.",1989,"Type Solid state","$1940 - $2260","Normal","Alphanumeric","https://pinside.com/pinball/archive/bad-cats",7.391,"https://pinside.com/pinball/archive/bad-cats/ratings","97 ratings","Williams, 1989",156,7.229,8.017,6.65,7.425,7.187,1940,2260,2100,292.194239599276,27,"<a href=""https://pinside.com/pinball/archive/bad-cats""target = _blank>Bad Cats</a>"
"Comet","Williams Electronic Games, Inc.",1985,"Type Solid state","$830 - $970","Normal","Digital","https://pinside.com/pinball/archive/comet",7.385,"https://pinside.com/pinball/archive/comet/ratings","141 ratings","Williams, 1985",158,7.615,7.364,6.439,7.659,5.543,830,970,900,162.36694930543,31,"<a href=""https://pinside.com/pinball/archive/comet""target = _blank>Comet</a>"
"Mustang (Pro)","Stern Pinball, Inc.",2014,"Type Solid state","$3980 - $4620","Normal","Dot Matrix","https://pinside.com/pinball/archive/mustang-2014",7.382,"https://pinside.com/pinball/archive/mustang-2014/ratings","109 ratings","Stern, 2014",159,7.191,7.199,7.379,7.308,7.797,3980,4620,4300,551.494164422214,2,"<a href=""https://pinside.com/pinball/archive/mustang-2014""target = _blank>Mustang (Pro)</a>"
"Count-Down","D. Gottlieb & Co.",1979,"Type Solid state","$830 - $970","Normal","Digital","https://pinside.com/pinball/archive/count-down",7.366,"https://pinside.com/pinball/archive/count-down/ratings","26 ratings","Gottlieb, 1979",163,7.486,7.882,3.97,7.581,6.679,830,970,900,134.750711184309,37,"<a href=""https://pinside.com/pinball/archive/count-down""target = _blank>Count-Down</a>"
"Bobby Orr's Power Play","Bally Manufacturing Co.",1977,"Type Solid state","$1020 - $1180","Normal","Digital","https://pinside.com/pinball/archive/bobby-orrs-power-play",7.366,"https://pinside.com/pinball/archive/bobby-orrs-power-play/ratings","45 ratings","Bally, 1977",164,7.281,7.9,5.223,7.454,7.686,1020,1180,1100,143.11735623211,39,"<a href=""https://pinside.com/pinball/archive/bobby-orrs-power-play""target = _blank>Bobby Orr's Power Play</a>"
"Mata Hari","Bally Manufacturing Co.",1977,"Type Solid state","$1390 - $1610","Normal","Digital","https://pinside.com/pinball/archive/mata-hari",7.365,"https://pinside.com/pinball/archive/mata-hari/ratings","80 ratings","Bally, 1977",165,7.326,8.183,5.283,7.505,7.494,1390,1610,1500,200.160128102482,39,"<a href=""https://pinside.com/pinball/archive/mata-hari""target = _blank>Mata Hari</a>"
"Flash","Williams Electronic Games, Inc.",1979,"Type Solid state","$650 - $750","Normal","Digital","https://pinside.com/pinball/archive/flash",7.364,"https://pinside.com/pinball/archive/flash/ratings","112 ratings","Williams, 1979",166,7.723,6.964,6.852,7.62,7.199,650,750,700,97.2357271843312,37,"<a href=""https://pinside.com/pinball/archive/flash""target = _blank>Flash</a>"
"Monopoly","Stern Pinball, Inc.",2001,"Type Solid state","$2500 - $2900","Normal","Dot Matrix","https://pinside.com/pinball/archive/monopoly",7.361,"https://pinside.com/pinball/archive/monopoly/ratings","284 ratings","Stern, 2001",167,7.244,7.548,6.805,7.403,7.142,2500,2900,2700,378.045365443853,15,"<a href=""https://pinside.com/pinball/archive/monopoly""target = _blank>Monopoly</a>"
"Firepower II","Williams Electronic Games, Inc.",1983,"Type Solid state","$550 - $650","Normal","Digital","https://pinside.com/pinball/archive/firepower-ii",7.329,"https://pinside.com/pinball/archive/firepower-ii/ratings","21 ratings","Williams, 1983",169,7.242,7.321,7.055,7.446,7.329,550,650,600,81.8665575112567,33,"<a href=""https://pinside.com/pinball/archive/firepower-ii""target = _blank>Firepower II</a>"
"Meteor","Stern Pinball, Inc.",1979,"Type Solid state","$650 - $750","Normal","Digital","https://pinside.com/pinball/archive/meteor",7.314,"https://pinside.com/pinball/archive/meteor/ratings","75 ratings","Stern, 1979",171,7.409,7.36,6.021,7.472,8.277,650,750,700,84.5717047239338,37,"<a href=""https://pinside.com/pinball/archive/meteor""target = _blank>Meteor</a>"
"Rollergames","Williams Electronic Games, Inc.",1990,"Type Solid state","$1390 - $1610","Normal","Alphanumeric","https://pinside.com/pinball/archive/rollergames",7.31,"https://pinside.com/pinball/archive/rollergames/ratings","126 ratings","Williams, 1990",173,7.722,6.66,6.963,7.472,7.673,1390,1610,1500,195.490681610843,26,"<a href=""https://pinside.com/pinball/archive/rollergames""target = _blank>Rollergames</a>"
"Pharaoh","Williams Electronic Games, Inc.",1981,"Type Solid state","$1200 - $1400","Normal","Digital","https://pinside.com/pinball/archive/pharaoh",7.31,"https://pinside.com/pinball/archive/pharaoh/ratings","31 ratings","Williams, 1981",174,7.161,7.761,5.502,7.257,7.31,1200,1400,1300,177.838577291382,35,"<a href=""https://pinside.com/pinball/archive/pharaoh""target = _blank>Pharaoh</a>"
"Indiana Jones","Stern Pinball, Inc.",2008,"Type Solid state","$4250 - $4950","Normal","Dot Matrix","https://pinside.com/pinball/archive/indiana-jones-(stern)",7.304,"https://pinside.com/pinball/archive/indiana-jones-(stern)/ratings","266 ratings","Stern, 2008",175,6.979,7.372,7.493,7.231,7.293,4250,4950,4600,630.741807212395,8,"<a href=""https://pinside.com/pinball/archive/indiana-jones-(stern)""target = _blank>Indiana Jones</a>"
"Phoenix","Williams Electronic Games, Inc.",1978,"Type Solid state","$650 - $750","Normal","Digital","https://pinside.com/pinball/archive/phoenix",7.299,"https://pinside.com/pinball/archive/phoenix/ratings","17 ratings","Williams, 1978",176,7.228,7.126,5.036,7.405,7.299,650,750,700,95.903548431292,38,"<a href=""https://pinside.com/pinball/archive/phoenix""target = _blank>Phoenix</a>"
"Avatar (LE)","Stern Pinball, Inc.",2010,"Type Solid state","$4440 - $5160","Normal","Dot Matrix","https://pinside.com/pinball/archive/avatar-(le)",7.295,"https://pinside.com/pinball/archive/avatar-(le)/ratings","74 ratings","Stern, 2010",177,6.998,7.816,7.355,7.106,7.626,4440,5160,4800,629.425649095201,6,"<a href=""https://pinside.com/pinball/archive/avatar-(le)""target = _blank>Avatar (LE)</a>"
"Alien Poker","Williams Electronic Games, Inc.",1980,"Type Solid state","$650 - $750","Normal","Digital","https://pinside.com/pinball/archive/alien-poker",7.283,"https://pinside.com/pinball/archive/alien-poker/ratings","40 ratings","Williams, 1980",178,7.55,6.704,6.603,7.619,7.283,650,750,700,96.1142386379239,36,"<a href=""https://pinside.com/pinball/archive/alien-poker""target = _blank>Alien Poker</a>"
"Joust","Williams Electronic Games, Inc.",1983,"Type Solid state","$6010 - $6990","Head to head","Digital","https://pinside.com/pinball/archive/joust",7.28,"https://pinside.com/pinball/archive/joust/ratings","26 ratings","Williams, 1983",179,7.536,7.037,5.93,7.637,7.28,6010,6990,6500,892.857142857143,33,"<a href=""https://pinside.com/pinball/archive/joust""target = _blank>Joust</a>"
"The Simpsons","Data East USA, Inc.",1990,"Type Solid state","$1570 - $1830","Normal","Alphanumeric","https://pinside.com/pinball/archive/simpsons",7.279,"https://pinside.com/pinball/archive/simpsons/ratings","155 ratings","Data East, 1990",180,7.078,7.804,6.911,7.364,6.789,1570,1830,1700,250.40506702018,26,"<a href=""https://pinside.com/pinball/archive/simpsons""target = _blank>The Simpsons</a>"
"Fire!","Williams Electronic Games, Inc.",1987,"Type Solid state","$1480 - $1720","Normal","Alphanumeric","https://pinside.com/pinball/archive/fire",7.279,"https://pinside.com/pinball/archive/fire/ratings","129 ratings","Williams, 1987",181,7.28,7.659,6.429,7.296,7.532,1480,1720,1600,212.426978226235,29,"<a href=""https://pinside.com/pinball/archive/fire""target = _blank>Fire!</a>"
"Radical!","Bally Manufacturing Co.",1990,"Type Solid state","$1850 - $2150","Normal","Alphanumeric","https://pinside.com/pinball/archive/radical",7.274,"https://pinside.com/pinball/archive/radical/ratings","76 ratings","Bally, 1990",182,7.462,6.921,6.404,7.661,6.918,1850,2150,2000,289.100896212778,26,"<a href=""https://pinside.com/pinball/archive/radical""target = _blank>Radical!</a>"
"CSI: Crime Scene Investigation","Stern Pinball, Inc.",2008,"Type Solid state","$3700 - $4300","Normal","Dot Matrix","https://pinside.com/pinball/archive/csi",7.267,"https://pinside.com/pinball/archive/csi/ratings","120 ratings","Stern, 2008",183,7.51,6.904,7.029,7.263,7.734,3700,4300,4000,517.196793379881,8,"<a href=""https://pinside.com/pinball/archive/csi""target = _blank>CSI: Crime Scene Investigation</a>"
"Jokerz!","Williams Electronic Games, Inc.",1988,"Type Solid state","$830 - $970","Normal","Alphanumeric","https://pinside.com/pinball/archive/jokerz",7.266,"https://pinside.com/pinball/archive/jokerz/ratings","111 ratings","Williams, 1988",184,7.053,7.897,6.622,7.181,7.263,830,970,900,123.915737298637,28,"<a href=""https://pinside.com/pinball/archive/jokerz""target = _blank>Jokerz!</a>"
"Big Hurt","D. Gottlieb & Co.",1995,"Type Solid state","$1200 - $1400","Normal","Dot Matrix","https://pinside.com/pinball/archive/big-hurt",7.256,"https://pinside.com/pinball/archive/big-hurt/ratings","58 ratings","Gottlieb, 1995",185,7.616,6.708,6.308,7.601,6.98,1200,1400,1300,186.246418338109,21,"<a href=""https://pinside.com/pinball/archive/big-hurt""target = _blank>Big Hurt</a>"
"World Poker Tour","Stern Pinball, Inc.",2006,"Type Solid state","$2680 - $3120","Normal","Dot Matrix","https://pinside.com/pinball/archive/world-poker-tour",7.255,"https://pinside.com/pinball/archive/world-poker-tour/ratings","185 ratings","Stern, 2006",186,7.471,6.368,6.794,7.447,7.865,2680,3120,2900,368.722186904005,10,"<a href=""https://pinside.com/pinball/archive/world-poker-tour""target = _blank>World Poker Tour</a>"
"Star Wars Episode I","Williams Electronic Games, Inc.",1999,"Type Solid state","$2220 - $2580","Pinball 2000","Tv Screen","https://pinside.com/pinball/archive/star-wars-episode-i",7.252,"https://pinside.com/pinball/archive/star-wars-episode-i/ratings","292 ratings","Williams, 1999",187,6.694,7.8,7.682,6.89,7.995,2220,2580,2400,300.187617260788,17,"<a href=""https://pinside.com/pinball/archive/star-wars-episode-i""target = _blank>Star Wars Episode I</a>"
"Strikes and Spares","Bally Manufacturing Co.",1978,"Type Solid state","$740 - $860","Normal","Digital","https://pinside.com/pinball/archive/strikes-and-spares",7.248,"https://pinside.com/pinball/archive/strikes-and-spares/ratings","60 ratings","Bally, 1978",188,7.123,7.99,5.06,7.44,7.248,740,860,800,110.37527593819,38,"<a href=""https://pinside.com/pinball/archive/strikes-and-spares""target = _blank>Strikes and Spares</a>"
"Strange Science","Bally Manufacturing Co.",1986,"Type Solid state","$1290 - $1510","Normal","Alphanumeric","https://pinside.com/pinball/archive/strange-science",7.242,"https://pinside.com/pinball/archive/strange-science/ratings","65 ratings","Bally, 1986",189,7.339,7.444,6.304,7.369,7.242,1290,1510,1400,193.316763325048,30,"<a href=""https://pinside.com/pinball/archive/strange-science""target = _blank>Strange Science</a>"
"Playboy","Bally Manufacturing Co.",1978,"Type Solid state","$3420 - $3980","Normal","Digital","https://pinside.com/pinball/archive/playboy",7.223,"https://pinside.com/pinball/archive/playboy/ratings","91 ratings","Bally, 1978",192,7.089,8.128,6.036,7.306,7.223,3420,3980,3700,512.252526650976,38,"<a href=""https://pinside.com/pinball/archive/playboy""target = _blank>Playboy</a>"
"Viking","Bally Manufacturing Co.",1979,"Type Solid state","$1290 - $1510","Normal","Digital","https://pinside.com/pinball/archive/viking",7.221,"https://pinside.com/pinball/archive/viking/ratings","28 ratings","Bally, 1979",193,7.22,8.085,5.842,7.28,7.221,1290,1510,1400,193.878964132392,37,"<a href=""https://pinside.com/pinball/archive/viking""target = _blank>Viking</a>"
"Riverboat Gambler","Williams Electronic Games, Inc.",1990,"Type Solid state","$1570 - $1830","Normal","Alphanumeric","https://pinside.com/pinball/archive/riverboat-gambler",7.198,"https://pinside.com/pinball/archive/riverboat-gambler/ratings","55 ratings","Williams, 1990",195,7.37,7.234,6.614,7.429,7.198,1570,1830,1700,236.176715754376,26,"<a href=""https://pinside.com/pinball/archive/riverboat-gambler""target = _blank>Riverboat Gambler</a>"
"SlugFest","Williams Electronic Games, Inc.",1991,"Type Solid state","$1110 - $1290","Custom shape","Dot Matrix","https://pinside.com/pinball/archive/slugfest",7.197,"https://pinside.com/pinball/archive/slugfest/ratings","52 ratings","Williams, 1991",196,7.109,7.212,6.971,7.279,7.197,1110,1290,1200,166.736140058358,25,"<a href=""https://pinside.com/pinball/archive/slugfest""target = _blank>SlugFest</a>"
"Pistol Poker","Alvin G. and Company",1993,"Type Solid state","$1660 - $1940","Normal","Dot Matrix","https://pinside.com/pinball/archive/pistol-poker",7.185,"https://pinside.com/pinball/archive/pistol-poker/ratings","20 ratings","Alvin G. & Co, 1993",198,7.043,7.316,6.366,7.361,7.185,1660,1940,1800,250.521920668058,23,"<a href=""https://pinside.com/pinball/archive/pistol-poker""target = _blank>Pistol Poker</a>"
